Age group,1981,1982,1983,1984,1985,1986,1987,1988,1989,1990,1991,1992,1993,1994,1995,1996,1997,1998,1999,2000,2001,2002,2003,2004,2005,2006,2007,2008,2009,2010,2011,2012,2013,2014,2015,2016,2017,2018,2019
0,75.43,75.76,76.05,76.26,76.4,76.56,76.74,76.97,77.2,77.45,77.69,77.78,77.88,77.93,78.11,78.29,78.51,78.72,78.97,79.24,79.47,79.65,79.85,80.05,80.32,80.51,80.71,80.88,81.15,81.4,81.59,81.73,81.82,81.87,81.93,81.94,81.94,82.03,81.97
1,75.17,75.46,75.71,75.9,76.02,76.15,76.32,76.53,76.75,76.98,77.2,77.27,77.37,77.42,77.58,77.74,77.94,78.14,78.39,78.66,78.89,79.08,79.27,79.47,79.75,79.92,80.12,80.29,80.55,80.8,80.99,81.13,81.21,81.25,81.3,81.31,81.32,81.41,81.34
2,74.22,74.5,74.76,74.94,75.07,75.2,75.36,75.57,75.79,76.02,76.23,76.3,76.4,76.45,76.61,76.77,76.97,77.17,77.42,77.68,77.92,78.1,78.3,78.5,78.77,78.95,79.14,79.31,79.57,79.82,80.01,80.15,80.24,80.28,80.32,80.33,80.34,80.43,80.36
3,73.26,73.54,73.79,73.97,74.1,74.24,74.4,74.6,74.82,75.05,75.26,75.33,75.42,75.47,75.63,75.79,75.99,76.19,76.44,76.7,76.94,77.12,77.32,77.51,77.78,77.96,78.15,78.33,78.59,78.84,79.03,79.16,79.25,79.29,79.34,79.34,79.35,79.44,79.37
4,72.3,72.57,72.82,73,73.13,73.26,73.42,73.63,73.84,74.07,74.28,74.35,74.44,74.49,74.65,74.81,75.01,75.21,75.45,75.72,75.95,76.14,76.33,76.53,76.8,76.98,77.17,77.34,77.6,77.85,78.04,78.17,78.26,78.3,78.35,78.36,78.36,78.45,78.38
5,71.32,71.6,71.85,72.03,72.15,72.29,72.45,72.65,72.86,73.09,73.3,73.37,73.46,73.51,73.66,73.82,74.02,74.22,74.47,74.73,74.96,75.15,75.34,75.54,75.81,75.99,76.18,76.35,76.61,76.86,77.05,77.18,77.27,77.31,77.36,77.36,77.37,77.46,77.39
6,70.35,70.62,70.87,71.05,71.17,71.3,71.46,71.67,71.88,72.11,72.31,72.38,72.48,72.52,72.68,72.84,73.03,73.23,73.48,73.74,73.97,74.16,74.35,74.55,74.82,75,75.19,75.36,75.62,75.87,76.06,76.19,76.28,76.32,76.36,76.37,76.38,76.47,76.4
7,69.37,69.64,69.89,70.07,70.19,70.32,70.48,70.69,70.9,71.12,71.33,71.4,71.49,71.54,71.69,71.85,72.04,72.24,72.49,72.75,72.98,73.17,73.36,73.56,73.83,74,74.2,74.37,74.63,74.87,75.06,75.2,75.28,75.33,75.37,75.38,75.38,75.47,75.4
8,68.39,68.66,68.91,69.08,69.21,69.33,69.49,69.7,69.91,70.13,70.34,70.41,70.5,70.55,70.7,70.86,71.05,71.25,71.49,71.76,71.99,72.17,72.37,72.56,72.83,73.01,73.2,73.37,73.63,73.88,74.07,74.2,74.29,74.33,74.38,74.38,74.39,74.48,74.41
9,67.41,67.68,67.92,68.1,68.22,68.35,68.51,68.71,68.92,69.15,69.35,69.42,69.51,69.56,69.71,69.87,70.06,70.26,70.5,70.77,71,71.18,71.37,71.57,71.84,72.02,72.21,72.38,72.64,72.88,73.07,73.21,73.3,73.34,73.38,73.39,73.4,73.49,73.41
10,66.42,66.69,66.94,67.11,67.23,67.36,67.52,67.72,67.93,68.16,68.36,68.43,68.52,68.57,68.72,68.88,69.07,69.27,69.51,69.77,70,70.19,70.38,70.58,70.85,71.03,71.22,71.39,71.64,71.89,72.08,72.21,72.3,72.34,72.39,72.39,72.4,72.49,72.42
11,65.44,65.71,65.95,66.13,66.25,66.37,66.53,66.74,66.95,67.17,67.38,67.44,67.53,67.58,67.73,67.89,68.08,68.28,68.52,68.78,69.01,69.2,69.39,69.58,69.85,70.03,70.22,70.39,70.65,70.9,71.09,71.22,71.31,71.35,71.39,71.4,71.41,71.5,71.42
12,64.46,64.72,64.97,65.14,65.26,65.39,65.55,65.75,65.96,66.18,66.39,66.45,66.54,66.59,66.74,66.9,67.09,67.29,67.53,67.79,68.02,68.2,68.4,68.59,68.86,69.04,69.23,69.4,69.66,69.9,70.09,70.23,70.31,70.36,70.4,70.41,70.41,70.5,70.43
13,63.47,63.74,63.98,64.16,64.27,64.4,64.56,64.76,64.97,65.19,65.4,65.46,65.55,65.6,65.75,65.91,66.1,66.3,66.54,66.8,67.03,67.21,67.4,67.6,67.87,68.05,68.24,68.41,68.66,68.91,69.1,69.23,69.32,69.36,69.41,69.41,69.42,69.51,69.44
14,62.49,62.76,63,63.17,63.29,63.42,63.58,63.78,63.99,64.21,64.42,64.48,64.57,64.61,64.77,64.93,65.12,65.31,65.55,65.81,66.04,66.22,66.42,66.61,66.88,67.06,67.25,67.42,67.67,67.92,68.11,68.24,68.33,68.37,68.42,68.42,68.43,68.52,68.45
15,61.52,61.78,62.03,62.2,62.31,62.44,62.6,62.8,63.01,63.23,63.43,63.49,63.59,63.63,63.78,63.94,64.13,64.33,64.57,64.83,65.06,65.24,65.43,65.62,65.89,66.07,66.26,66.43,66.68,66.93,67.12,67.26,67.34,67.38,67.43,67.43,67.44,67.53,67.46
16,60.55,60.82,61.05,61.22,61.34,61.47,61.63,61.83,62.04,62.26,62.46,62.52,62.61,62.66,62.81,62.97,63.15,63.35,63.59,63.85,64.08,64.26,64.45,64.64,64.91,65.09,65.28,65.45,65.7,65.94,66.13,66.27,66.35,66.4,66.44,66.45,66.45,66.54,66.47
17,59.6,59.86,60.09,60.26,60.38,60.51,60.66,60.87,61.07,61.29,61.49,61.55,61.64,61.69,61.84,62,62.18,62.38,62.61,62.87,63.1,63.28,63.47,63.66,63.93,64.11,64.3,64.47,64.72,64.96,65.15,65.29,65.37,65.41,65.46,65.47,65.47,65.56,65.49
18,58.65,58.91,59.14,59.3,59.42,59.55,59.71,59.91,60.11,60.33,60.53,60.59,60.68,60.73,60.87,61.03,61.22,61.41,61.65,61.91,62.14,62.31,62.5,62.69,62.96,63.14,63.33,63.49,63.75,63.99,64.18,64.31,64.4,64.44,64.48,64.49,64.49,64.58,64.51
19,57.71,57.96,58.19,58.35,58.47,58.6,58.76,58.96,59.16,59.38,59.58,59.64,59.72,59.77,59.91,60.07,60.25,60.45,60.68,60.94,61.17,61.35,61.53,61.73,62,62.18,62.36,62.52,62.78,63.02,63.21,63.34,63.42,63.46,63.5,63.51,63.52,63.61,63.54
20,56.77,57.01,57.24,57.4,57.52,57.65,57.8,58.01,58.21,58.42,58.62,58.68,58.76,58.81,58.95,59.11,59.29,59.49,59.72,59.98,60.21,60.38,60.57,60.76,61.03,61.21,61.39,61.56,61.81,62.05,62.24,62.37,62.45,62.49,62.53,62.54,62.55,62.64,62.57
21,55.82,56.07,56.29,56.45,56.57,56.7,56.85,57.06,57.25,57.47,57.67,57.72,57.81,57.85,57.99,58.15,58.33,58.53,58.76,59.02,59.24,59.42,59.6,59.8,60.07,60.24,60.43,60.59,60.84,61.08,61.27,61.4,61.48,61.52,61.56,61.57,61.58,61.67,61.6
22,54.88,55.12,55.34,55.5,55.62,55.75,55.9,56.11,56.3,56.52,56.71,56.77,56.85,56.89,57.03,57.19,57.37,57.56,57.8,58.05,58.28,58.45,58.64,58.83,59.1,59.28,59.46,59.62,59.87,60.11,60.3,60.43,60.51,60.55,60.59,60.6,60.62,60.71,60.63
23,53.93,54.17,54.39,54.55,54.66,54.79,54.95,55.15,55.35,55.56,55.75,55.81,55.89,55.93,56.07,56.23,56.41,56.6,56.83,57.09,57.31,57.49,57.67,57.87,58.14,58.32,58.5,58.66,58.9,59.15,59.33,59.46,59.54,59.58,59.63,59.64,59.65,59.74,59.67
24,52.99,53.23,53.44,53.6,53.71,53.84,54,54.2,54.39,54.61,54.8,54.85,54.93,54.97,55.11,55.27,55.45,55.64,55.87,56.13,56.35,56.52,56.71,56.9,57.17,57.35,57.53,57.69,57.94,58.18,58.37,58.5,58.57,58.61,58.66,58.68,58.69,58.78,58.71
25,52.04,52.27,52.48,52.65,52.75,52.88,53.04,53.24,53.44,53.65,53.84,53.89,53.97,54.01,54.15,54.3,54.48,54.68,54.91,55.16,55.38,55.56,55.74,55.94,56.21,56.38,56.56,56.72,56.97,57.21,57.4,57.53,57.6,57.64,57.69,57.71,57.73,57.82,57.75
26,51.09,51.32,51.53,51.69,51.8,51.92,52.08,52.28,52.48,52.69,52.88,52.93,53.01,53.05,53.19,53.34,53.52,53.71,53.94,54.19,54.41,54.59,54.77,54.97,55.24,55.42,55.6,55.75,56,56.24,56.43,56.56,56.63,56.67,56.73,56.75,56.77,56.85,56.79
27,50.13,50.36,50.57,50.73,50.84,50.96,51.12,51.33,51.52,51.73,51.92,51.97,52.05,52.09,52.23,52.38,52.55,52.74,52.97,53.23,53.44,53.62,53.8,54,54.27,54.45,54.63,54.78,55.03,55.27,55.46,55.59,55.67,55.71,55.76,55.78,55.8,55.89,55.83
28,49.18,49.41,49.61,49.77,49.88,50,50.16,50.36,50.56,50.77,50.96,51.01,51.09,51.13,51.26,51.41,51.58,51.78,52,52.26,52.47,52.65,52.83,53.03,53.3,53.48,53.66,53.81,54.06,54.3,54.49,54.62,54.7,54.74,54.79,54.82,54.84,54.93,54.87
29,48.22,48.45,48.65,48.81,48.91,49.04,49.2,49.4,49.6,49.81,50,50.06,50.13,50.17,50.3,50.45,50.62,50.81,51.04,51.29,51.5,51.68,51.86,52.06,52.33,52.51,52.69,52.84,53.09,53.33,53.52,53.65,53.73,53.77,53.83,53.86,53.88,53.97,53.91
30,47.26,47.49,47.69,47.85,47.95,48.08,48.24,48.44,48.64,48.85,49.04,49.1,49.17,49.21,49.34,49.48,49.65,49.84,50.07,50.32,50.53,50.71,50.89,51.09,51.36,51.54,51.72,51.87,52.12,52.36,52.55,52.68,52.76,52.8,52.86,52.89,52.92,53.01,52.95
31,46.31,46.53,46.73,46.89,46.99,47.12,47.28,47.48,47.68,47.89,48.08,48.14,48.21,48.25,48.38,48.52,48.69,48.88,49.1,49.35,49.57,49.74,49.92,50.12,50.39,50.57,50.75,50.9,51.15,51.39,51.58,51.71,51.79,51.84,51.9,51.93,51.96,52.05,52
32,45.35,45.58,45.77,45.93,46.03,46.16,46.32,46.53,46.72,46.93,47.13,47.18,47.25,47.29,47.42,47.56,47.73,47.91,48.14,48.39,48.6,48.77,48.95,49.15,49.42,49.6,49.78,49.93,50.18,50.42,50.61,50.74,50.82,50.87,50.93,50.97,51,51.1,51.04
33,44.39,44.62,44.82,44.97,45.08,45.21,45.36,45.57,45.76,45.98,46.17,46.23,46.3,46.33,46.46,46.6,46.76,46.95,47.17,47.42,47.63,47.81,47.99,48.19,48.46,48.63,48.81,48.97,49.21,49.45,49.64,49.77,49.86,49.9,49.97,50.01,50.04,50.14,50.08
34,43.44,43.66,43.86,44.02,44.12,44.25,44.4,44.61,44.81,45.02,45.22,45.27,45.34,45.38,45.51,45.65,45.81,45.99,46.21,46.46,46.67,46.84,47.02,47.22,47.49,47.67,47.84,48,48.24,48.48,48.67,48.8,48.89,48.94,49.01,49.05,49.09,49.18,49.13
35,42.49,42.71,42.9,43.06,43.16,43.3,43.45,43.66,43.85,44.07,44.26,44.32,44.39,44.43,44.56,44.69,44.85,45.03,45.25,45.5,45.71,45.88,46.06,46.26,46.53,46.7,46.87,47.03,47.28,47.52,47.71,47.84,47.92,47.97,48.04,48.09,48.13,48.22,48.17
36,41.53,41.76,41.95,42.11,42.21,42.34,42.49,42.7,42.9,43.12,43.31,43.37,43.44,43.48,43.6,43.74,43.89,44.07,44.29,44.54,44.75,44.91,45.09,45.3,45.56,45.74,45.91,46.07,46.31,46.55,46.74,46.87,46.96,47.01,47.08,47.13,47.17,47.27,47.22
37,40.58,40.8,40.99,41.15,41.26,41.39,41.54,41.75,41.95,42.17,42.36,42.42,42.49,42.53,42.65,42.79,42.94,43.11,43.33,43.58,43.79,43.95,44.13,44.33,44.6,44.78,44.95,45.1,45.35,45.59,45.77,45.9,45.99,46.04,46.12,46.17,46.21,46.31,46.26
38,39.64,39.85,40.04,40.2,40.3,40.43,40.59,40.79,41,41.21,41.41,41.47,41.54,41.58,41.71,41.84,41.99,42.16,42.38,42.62,42.83,43,43.17,43.37,43.64,43.81,43.99,44.14,44.38,44.62,44.81,44.94,45.03,45.08,45.16,45.21,45.25,45.35,45.31
39,38.69,38.91,39.09,39.25,39.35,39.48,39.64,39.84,40.05,40.27,40.46,40.52,40.6,40.64,40.76,40.89,41.04,41.21,41.42,41.67,41.87,42.04,42.22,42.42,42.68,42.86,43.03,43.18,43.42,43.66,43.85,43.97,44.06,44.12,44.19,44.25,44.3,44.4,44.36
40,37.75,37.97,38.15,38.3,38.41,38.54,38.69,38.9,39.1,39.32,39.51,39.58,39.66,39.7,39.82,39.94,40.09,40.26,40.47,40.71,40.92,41.09,41.26,41.46,41.73,41.9,42.07,42.22,42.47,42.7,42.89,43.01,43.1,43.15,43.24,43.29,43.34,43.44,43.41
41,36.82,37.03,37.21,37.36,37.46,37.59,37.75,37.95,38.16,38.38,38.57,38.64,38.71,38.75,38.87,39,39.14,39.31,39.52,39.77,39.97,40.13,40.31,40.51,40.77,40.95,41.12,41.27,41.51,41.75,41.93,42.06,42.14,42.2,42.28,42.34,42.39,42.49,42.46
42,35.89,36.1,36.27,36.43,36.53,36.65,36.81,37.01,37.22,37.44,37.63,37.7,37.78,37.82,37.93,38.06,38.2,38.36,38.58,38.82,39.02,39.19,39.36,39.56,39.82,40,40.17,40.32,40.56,40.79,40.98,41.1,41.19,41.24,41.33,41.38,41.44,41.54,41.51
43,34.97,35.17,35.34,35.49,35.59,35.72,35.87,36.08,36.28,36.5,36.69,36.76,36.84,36.88,37,37.12,37.26,37.42,37.64,37.88,38.08,38.24,38.42,38.62,38.88,39.05,39.22,39.37,39.61,39.85,40.03,40.15,40.24,40.29,40.38,40.44,40.49,40.59,40.57
44,34.05,34.25,34.42,34.57,34.67,34.79,34.94,35.15,35.35,35.57,35.76,35.83,35.91,35.95,36.07,36.18,36.32,36.48,36.7,36.94,37.14,37.3,37.48,37.67,37.94,38.11,38.28,38.43,38.67,38.9,39.08,39.2,39.29,39.34,39.43,39.49,39.55,39.65,39.62
45,33.14,33.34,33.5,33.65,33.75,33.87,34.02,34.22,34.42,34.64,34.84,34.9,34.98,35.02,35.14,35.25,35.39,35.55,35.76,36,36.2,36.37,36.54,36.74,37,37.17,37.34,37.49,37.73,37.96,38.14,38.26,38.35,38.4,38.49,38.55,38.61,38.71,38.68
46,32.23,32.43,32.59,32.74,32.83,32.96,33.1,33.3,33.5,33.72,33.91,33.98,34.06,34.1,34.21,34.33,34.46,34.62,34.83,35.07,35.27,35.43,35.61,35.81,36.07,36.24,36.41,36.56,36.8,37.02,37.2,37.32,37.41,37.46,37.55,37.61,37.67,37.77,37.75
47,31.34,31.53,31.69,31.83,31.92,32.05,32.19,32.39,32.59,32.8,32.99,33.06,33.14,33.18,33.29,33.4,33.53,33.69,33.9,34.14,34.34,34.51,34.68,34.88,35.14,35.31,35.48,35.63,35.87,36.09,36.27,36.39,36.48,36.53,36.61,36.67,36.73,36.83,36.82
48,30.45,30.63,30.79,30.93,31.02,31.15,31.28,31.48,31.68,31.89,32.08,32.15,32.22,32.26,32.37,32.49,32.61,32.77,32.98,33.22,33.42,33.58,33.75,33.95,34.21,34.39,34.55,34.71,34.94,35.16,35.34,35.46,35.55,35.59,35.68,35.74,35.8,35.9,35.89
49,29.57,29.75,29.9,30.04,30.13,30.25,30.39,30.58,30.77,30.99,31.18,31.24,31.32,31.35,31.46,31.57,31.7,31.85,32.06,32.3,32.5,32.66,32.84,33.03,33.3,33.47,33.64,33.79,34.02,34.24,34.42,34.53,34.62,34.67,34.75,34.82,34.88,34.97,34.96
50,28.69,28.87,29.02,29.16,29.24,29.36,29.49,29.69,29.88,30.09,30.28,30.34,30.41,30.45,30.56,30.67,30.79,30.94,31.15,31.39,31.59,31.75,31.92,32.12,32.38,32.55,32.72,32.87,33.1,33.32,33.5,33.61,33.7,33.74,33.83,33.89,33.95,34.05,34.04
51,27.83,28,28.15,28.28,28.37,28.48,28.61,28.8,28.99,29.2,29.38,29.44,29.52,29.55,29.66,29.77,29.89,30.04,30.25,30.48,30.68,30.85,31.01,31.21,31.47,31.65,31.81,31.96,32.19,32.41,32.58,32.7,32.78,32.83,32.91,32.98,33.04,33.13,33.12
52,26.97,27.14,27.28,27.41,27.5,27.61,27.74,27.92,28.11,28.31,28.5,28.56,28.63,28.66,28.77,28.87,28.99,29.14,29.35,29.58,29.78,29.94,30.11,30.31,30.57,30.74,30.91,31.06,31.28,31.5,31.67,31.79,31.87,31.91,32,32.06,32.12,32.22,32.21
53,26.12,26.29,26.42,26.55,26.63,26.75,26.87,27.05,27.23,27.44,27.62,27.68,27.75,27.78,27.89,27.99,28.1,28.25,28.45,28.69,28.88,29.05,29.22,29.42,29.67,29.84,30.01,30.16,30.38,30.6,30.77,30.88,30.96,31.01,31.09,31.15,31.21,31.31,31.3
54,25.28,25.45,25.58,25.7,25.78,25.89,26.01,26.19,26.37,26.57,26.75,26.81,26.88,26.91,27.01,27.11,27.22,27.37,27.57,27.8,28,28.16,28.33,28.53,28.78,28.95,29.11,29.26,29.49,29.7,29.87,29.98,30.06,30.1,30.19,30.25,30.31,30.4,30.4
55,24.45,24.61,24.74,24.86,24.94,25.05,25.16,25.34,25.51,25.71,25.89,25.94,26.01,26.04,26.14,26.24,26.35,26.49,26.69,26.92,27.12,27.28,27.45,27.64,27.9,28.07,28.23,28.38,28.6,28.81,28.98,29.09,29.17,29.21,29.29,29.35,29.41,29.5,29.5
56,23.64,23.79,23.91,24.03,24.11,24.21,24.32,24.49,24.67,24.86,25.04,25.09,25.16,25.19,25.28,25.38,25.48,25.62,25.82,26.05,26.24,26.41,26.57,26.77,27.02,27.19,27.35,27.49,27.71,27.93,28.09,28.2,28.28,28.32,28.4,28.46,28.52,28.61,28.61
57,22.83,22.98,23.1,23.21,23.28,23.39,23.49,23.66,23.83,24.03,24.2,24.25,24.31,24.34,24.44,24.53,24.63,24.77,24.96,25.19,25.38,25.54,25.71,25.9,26.15,26.32,26.48,26.62,26.84,27.05,27.21,27.32,27.39,27.43,27.52,27.58,27.64,27.72,27.72
58,22.03,22.18,22.29,22.41,22.47,22.57,22.68,22.84,23.01,23.2,23.37,23.42,23.48,23.5,23.6,23.68,23.78,23.92,24.11,24.34,24.52,24.69,24.85,25.04,25.29,25.45,25.61,25.75,25.97,26.18,26.33,26.44,26.52,26.55,26.64,26.7,26.76,26.84,26.84
59,21.25,21.39,21.5,21.61,21.67,21.77,21.87,22.03,22.19,22.38,22.55,22.59,22.65,22.68,22.77,22.85,22.95,23.08,23.27,23.49,23.68,23.84,24,24.19,24.43,24.6,24.75,24.9,25.11,25.31,25.47,25.57,25.65,25.68,25.77,25.83,25.89,25.97,25.97
60,20.47,20.61,20.71,20.82,20.88,20.98,21.07,21.23,21.39,21.57,21.74,21.78,21.84,21.86,21.95,22.03,22.12,22.25,22.43,22.66,22.84,23,23.16,23.34,23.58,23.75,23.9,24.04,24.25,24.46,24.61,24.71,24.79,24.82,24.9,24.96,25.02,25.1,25.1
61,19.71,19.85,19.94,20.05,20.11,20.2,20.29,20.44,20.6,20.78,20.94,20.98,21.04,21.06,21.14,21.22,21.3,21.43,21.61,21.83,22.01,22.17,22.32,22.51,22.75,22.91,23.06,23.2,23.41,23.61,23.76,23.86,23.93,23.97,24.05,24.11,24.16,24.24,24.25
62,18.97,19.1,19.19,19.29,19.35,19.43,19.52,19.67,19.82,20,20.16,20.2,20.25,20.26,20.35,20.42,20.5,20.62,20.8,21.02,21.2,21.35,21.5,21.68,21.92,22.08,22.23,22.37,22.57,22.77,22.92,23.02,23.09,23.12,23.2,23.26,23.32,23.39,23.4
63,18.23,18.36,18.44,18.54,18.59,18.68,18.76,18.91,19.05,19.23,19.39,19.42,19.47,19.48,19.56,19.63,19.71,19.82,20,20.21,20.39,20.54,20.69,20.87,21.1,21.26,21.41,21.55,21.75,21.94,22.08,22.18,22.25,22.28,22.36,22.42,22.48,22.55,22.55
64,17.51,17.63,17.72,17.81,17.86,17.94,18.02,18.16,18.3,18.47,18.63,18.66,18.71,18.72,18.79,18.85,18.93,19.04,19.21,19.42,19.6,19.74,19.89,20.07,20.3,20.45,20.6,20.73,20.93,21.12,21.26,21.36,21.43,21.46,21.54,21.59,21.64,21.72,21.72
65,16.81,16.92,17,17.09,17.14,17.21,17.29,17.43,17.56,17.73,17.88,17.91,17.95,17.96,18.03,18.09,18.16,18.27,18.44,18.64,18.81,18.96,19.1,19.27,19.5,19.65,19.8,19.93,20.12,20.31,20.45,20.54,20.61,20.64,20.72,20.77,20.82,20.89,20.9
66,16.11,16.22,16.3,16.38,16.43,16.5,16.57,16.71,16.84,17,17.15,17.18,17.22,17.22,17.29,17.34,17.41,17.51,17.68,17.88,18.04,18.18,18.32,18.49,18.71,18.86,19,19.14,19.33,19.51,19.64,19.74,19.8,19.83,19.91,19.96,20.01,20.08,20.09
67,15.44,15.54,15.61,15.69,15.73,15.81,15.87,16,16.13,16.29,16.43,16.46,16.49,16.5,16.56,16.61,16.67,16.76,16.93,17.12,17.29,17.42,17.56,17.73,17.94,18.09,18.23,18.36,18.54,18.72,18.85,18.95,19.01,19.03,19.11,19.16,19.21,19.28,19.28
68,14.77,14.88,14.94,15.02,15.06,15.12,15.19,15.31,15.44,15.59,15.73,15.75,15.79,15.78,15.84,15.89,15.94,16.03,16.19,16.38,16.54,16.68,16.81,16.97,17.18,17.32,17.46,17.59,17.77,17.94,18.07,18.16,18.22,18.25,18.32,18.37,18.42,18.49,18.49
69,14.13,14.23,14.29,14.36,14.39,14.46,14.52,14.64,14.76,14.91,15.04,15.06,15.09,15.09,15.14,15.18,15.23,15.32,15.47,15.66,15.81,15.94,16.07,16.23,16.43,16.57,16.71,16.83,17.01,17.17,17.3,17.39,17.45,17.47,17.55,17.6,17.64,17.7,17.71
70,13.5,13.59,13.65,13.72,13.75,13.81,13.86,13.98,14.1,14.24,14.37,14.39,14.42,14.41,14.46,14.49,14.54,14.62,14.77,14.95,15.1,15.22,15.35,15.5,15.7,15.84,15.96,16.09,16.26,16.42,16.55,16.63,16.69,16.71,16.79,16.83,16.88,16.94,16.94
71,12.88,12.97,13.03,13.09,13.12,13.17,13.23,13.34,13.45,13.59,13.72,13.73,13.76,13.74,13.79,13.82,13.86,13.93,14.08,14.25,14.4,14.52,14.64,14.78,14.98,15.11,15.24,15.36,15.52,15.68,15.8,15.89,15.95,15.96,16.04,16.08,16.13,16.18,16.19
72,12.28,12.37,12.42,12.48,12.5,12.56,12.61,12.71,12.82,12.96,13.08,13.09,13.11,13.1,13.13,13.16,13.19,13.26,13.4,13.57,13.71,13.83,13.94,14.09,14.27,14.4,14.52,14.64,14.8,14.96,15.07,15.16,15.21,15.23,15.3,15.34,15.39,15.44,15.44
73,11.7,11.78,11.83,11.88,11.9,11.95,12,12.11,12.21,12.34,12.46,12.46,12.48,12.46,12.5,12.52,12.55,12.61,12.74,12.91,13.04,13.15,13.26,13.4,13.58,13.71,13.83,13.94,14.09,14.24,14.36,14.44,14.49,14.51,14.58,14.62,14.66,14.71,14.71
74,11.14,11.21,11.26,11.31,11.32,11.37,11.42,11.51,11.61,11.74,11.85,11.86,11.87,11.85,11.88,11.89,11.92,11.97,12.1,12.26,12.39,12.49,12.6,12.73,12.91,13.03,13.14,13.25,13.4,13.55,13.66,13.74,13.79,13.8,13.87,13.91,13.95,14,14
75,10.59,10.66,10.7,10.75,10.76,10.8,10.85,10.94,11.04,11.16,11.26,11.27,11.28,11.25,11.28,11.29,11.3,11.36,11.48,11.63,11.75,11.85,11.96,12.08,12.25,12.36,12.48,12.58,12.73,12.87,12.97,13.05,13.1,13.11,13.18,13.22,13.25,13.3,13.3
76,10.06,10.13,10.17,10.2,10.22,10.26,10.29,10.39,10.48,10.59,10.69,10.69,10.7,10.67,10.69,10.7,10.71,10.76,10.87,11.01,11.13,11.23,11.33,11.45,11.61,11.72,11.83,11.93,12.07,12.2,12.31,12.38,12.43,12.44,12.51,12.54,12.57,12.61,12.61
77,9.55,9.61,9.65,9.68,9.69,9.72,9.76,9.85,9.93,10.05,10.14,10.14,10.15,10.11,10.13,10.13,10.13,10.17,10.29,10.42,10.53,10.62,10.71,10.83,10.98,11.09,11.19,11.29,11.42,11.55,11.65,11.72,11.77,11.78,11.85,11.88,11.91,11.95,11.95
78,9.05,9.11,9.14,9.17,9.18,9.21,9.24,9.33,9.41,9.52,9.61,9.6,9.61,9.57,9.58,9.57,9.58,9.61,9.72,9.84,9.95,10.03,10.12,10.23,10.38,10.48,10.58,10.67,10.8,10.92,11.02,11.09,11.13,11.14,11.21,11.23,11.26,11.3,11.3
79,8.57,8.63,8.66,8.68,8.69,8.71,8.75,8.83,8.9,9.01,9.09,9.09,9.09,9.05,9.05,9.04,9.04,9.06,9.17,9.28,9.39,9.46,9.55,9.65,9.79,9.88,9.98,10.07,10.19,10.31,10.4,10.47,10.51,10.52,10.58,10.61,10.63,10.66,10.66
80,8.11,8.16,8.19,8.21,8.21,8.24,8.27,8.34,8.42,8.51,8.59,8.59,8.58,8.54,8.54,8.52,8.52,8.54,8.63,8.74,8.84,8.91,8.99,9.08,9.22,9.31,9.4,9.48,9.6,9.71,9.8,9.86,9.91,9.91,9.98,10,10.02,10.05,10.05
81,7.66,7.72,7.74,7.76,7.76,7.78,7.8,7.88,7.95,8.04,8.12,8.1,8.1,8.05,8.05,8.02,8.01,8.03,8.12,8.22,8.31,8.38,8.45,8.54,8.67,8.75,8.84,8.92,9.03,9.14,9.22,9.28,9.32,9.32,9.39,9.41,9.43,9.45,9.45
82,7.24,7.29,7.31,7.32,7.32,7.34,7.36,7.43,7.5,7.58,7.65,7.64,7.63,7.58,7.57,7.55,7.53,7.54,7.63,7.72,7.81,7.86,7.93,8.01,8.13,8.21,8.3,8.37,8.48,8.58,8.66,8.72,8.75,8.76,8.82,8.84,8.86,8.88,8.87
83,6.83,6.87,6.9,6.9,6.9,6.91,6.94,7,7.06,7.15,7.21,7.2,7.19,7.13,7.12,7.09,7.07,7.08,7.15,7.24,7.32,7.37,7.43,7.51,7.62,7.69,7.77,7.85,7.95,8.04,8.12,8.17,8.21,8.21,8.27,8.29,8.3,8.32,8.31
84,6.44,6.48,6.5,6.5,6.49,6.51,6.53,6.59,6.65,6.73,6.79,6.77,6.76,6.7,6.68,6.65,6.63,6.63,6.7,6.78,6.85,6.9,6.96,7.02,7.13,7.2,7.27,7.34,7.44,7.53,7.6,7.65,7.68,7.68,7.74,7.76,7.77,7.79,7.78
85,6.06,6.1,6.12,6.12,6.11,6.12,6.14,6.2,6.25,6.33,6.38,6.36,6.35,6.29,6.27,6.23,6.2,6.2,6.27,6.34,6.41,6.44,6.5,6.56,6.66,6.72,6.79,6.86,6.95,7.03,7.1,7.15,7.18,7.18,7.23,7.25,7.26,7.27,7.26
86,5.71,5.74,5.76,5.75,5.74,5.75,5.77,5.82,5.87,5.94,6,5.98,5.96,5.9,5.87,5.83,5.8,5.79,5.85,5.92,5.98,6.01,6.06,6.12,6.21,6.26,6.33,6.39,6.48,6.56,6.62,6.67,6.69,6.69,6.75,6.76,6.76,6.78,6.76
87,5.37,5.4,5.42,5.41,5.39,5.4,5.42,5.47,5.51,5.58,5.63,5.61,5.59,5.53,5.5,5.45,5.42,5.41,5.46,5.52,5.57,5.6,5.65,5.69,5.78,5.83,5.89,5.95,6.03,6.1,6.16,6.21,6.23,6.23,6.28,6.29,6.3,6.31,6.29
88,5.05,5.08,5.09,5.08,5.06,5.06,5.08,5.13,5.17,5.24,5.28,5.26,5.24,5.17,5.14,5.09,5.06,5.04,5.09,5.14,5.19,5.21,5.25,5.29,5.37,5.42,5.48,5.53,5.6,5.67,5.73,5.77,5.8,5.79,5.84,5.85,5.85,5.86,5.84
89,4.74,4.77,4.78,4.77,4.75,4.75,4.77,4.81,4.85,4.91,4.95,4.93,4.9,4.84,4.8,4.75,4.72,4.69,4.74,4.79,4.83,4.84,4.88,4.92,4.99,5.03,5.09,5.14,5.2,5.27,5.32,5.36,5.38,5.38,5.43,5.43,5.43,5.43,5.42
90,4.46,4.48,4.49,4.48,4.46,4.46,4.47,4.51,4.55,4.6,4.64,4.61,4.59,4.53,4.49,4.44,4.4,4.37,4.41,4.45,4.49,4.5,4.53,4.56,4.63,4.67,4.72,4.77,4.83,4.89,4.94,4.97,4.99,4.99,5.03,5.03,5.03,5.04,5.02
91,4.19,4.22,4.22,4.2,4.19,4.18,4.19,4.23,4.27,4.32,4.35,4.32,4.3,4.24,4.2,4.14,4.1,4.07,4.11,4.14,4.18,4.18,4.21,4.23,4.29,4.33,4.38,4.42,4.48,4.53,4.58,4.61,4.63,4.62,4.67,4.66,4.66,4.66,4.65
92,3.95,3.97,3.97,3.95,3.93,3.93,3.94,3.97,4.01,4.05,4.08,4.05,4.03,3.97,3.92,3.87,3.83,3.8,3.83,3.86,3.89,3.88,3.91,3.93,3.99,4.02,4.06,4.1,4.16,4.21,4.24,4.27,4.29,4.28,4.33,4.32,4.32,4.32,4.3
93,3.72,3.74,3.74,3.72,3.7,3.69,3.7,3.73,3.76,3.8,3.83,3.8,3.78,3.72,3.68,3.62,3.58,3.55,3.58,3.6,3.62,3.61,3.63,3.65,3.7,3.73,3.77,3.81,3.86,3.9,3.94,3.96,3.98,3.97,4.01,4.01,4,4,3.99
94,3.52,3.53,3.53,3.5,3.49,3.47,3.48,3.51,3.54,3.58,3.6,3.57,3.55,3.49,3.45,3.4,3.35,3.32,3.35,3.36,3.37,3.37,3.38,3.4,3.44,3.47,3.51,3.54,3.59,3.63,3.66,3.68,3.69,3.68,3.72,3.72,3.71,3.71,3.69
95,3.33,3.34,3.34,3.31,3.29,3.28,3.28,3.3,3.33,3.37,3.38,3.36,3.34,3.28,3.24,3.19,3.15,3.12,3.14,3.14,3.15,3.14,3.15,3.16,3.2,3.23,3.26,3.3,3.34,3.37,3.4,3.42,3.43,3.42,3.45,3.45,3.44,3.43,3.43
96,3.15,3.15,3.14,3.12,3.1,3.09,3.09,3.11,3.14,3.17,3.18,3.16,3.14,3.09,3.04,2.99,2.95,2.92,2.94,2.94,2.95,2.93,2.94,2.95,2.98,3.01,3.04,3.07,3.11,3.14,3.16,3.18,3.19,3.18,3.21,3.2,3.19,3.19,3.18
97,2.97,2.98,2.97,2.94,2.93,2.91,2.91,2.93,2.95,2.98,3,2.97,2.95,2.9,2.86,2.81,2.77,2.74,2.75,2.75,2.76,2.74,2.74,2.75,2.78,2.8,2.83,2.87,2.9,2.93,2.95,2.96,2.97,2.96,2.99,2.98,2.97,2.97,2.96
98,2.81,2.81,2.8,2.78,2.76,2.74,2.75,2.76,2.79,2.81,2.82,2.8,2.78,2.73,2.69,2.64,2.6,2.57,2.58,2.58,2.58,2.56,2.57,2.58,2.6,2.62,2.65,2.68,2.71,2.73,2.75,2.76,2.77,2.76,2.79,2.78,2.76,2.76,2.75
99,2.66,2.66,2.65,2.62,2.61,2.59,2.59,2.61,2.63,2.65,2.66,2.64,2.62,2.58,2.54,2.49,2.45,2.42,2.43,2.43,2.42,2.41,2.41,2.41,2.44,2.45,2.48,2.5,2.53,2.55,2.57,2.58,2.58,2.57,2.6,2.59,2.58,2.57,2.57
100,2.52,2.52,2.51,2.48,2.47,2.45,2.45,2.47,2.49,2.51,2.52,2.5,2.48,2.43,2.39,2.35,2.31,2.28,2.29,2.28,2.28,2.26,2.26,2.26,2.28,2.3,2.32,2.35,2.37,2.39,2.4,2.41,2.42,2.41,2.43,2.42,2.41,2.41,2.4
101,2.4,2.39,2.38,2.35,2.34,2.32,2.33,2.33,2.36,2.38,2.38,2.36,2.34,2.3,2.26,2.22,2.18,2.15,2.16,2.15,2.15,2.13,2.13,2.13,2.15,2.16,2.18,2.2,2.23,2.24,2.25,2.26,2.27,2.26,2.28,2.27,2.26,2.25,2.25
102,2.28,2.27,2.26,2.24,2.22,2.21,2.21,2.21,2.23,2.25,2.26,2.24,2.22,2.18,2.14,2.1,2.06,2.04,2.04,2.04,2.03,2.01,2.01,2.01,2.02,2.03,2.05,2.08,2.09,2.11,2.12,2.13,2.13,2.12,2.14,2.13,2.12,2.11,2.11
103,2.17,2.16,2.15,2.13,2.12,2.1,2.1,2.11,2.12,2.14,2.14,2.13,2.11,2.07,2.03,1.99,1.96,1.93,1.94,1.93,1.92,1.9,1.9,1.9,1.91,1.92,1.94,1.96,1.98,1.99,2,2,2.01,2,2.02,2.01,1.99,1.99,1.99
104,2.07,2.06,2.05,2.03,2.02,2,2,2,2.02,2.04,2.04,2.02,2,1.97,1.94,1.9,1.86,1.84,1.84,1.83,1.83,1.81,1.8,1.8,1.81,1.82,1.84,1.86,1.87,1.88,1.89,1.89,1.9,1.89,1.91,1.89,1.88,1.88,1.88
105,1.98,1.97,1.96,1.94,1.93,1.91,1.91,1.91,1.93,1.94,1.95,1.93,1.91,1.88,1.85,1.81,1.78,1.75,1.76,1.75,1.74,1.72,1.72,1.72,1.72,1.73,1.74,1.76,1.78,1.79,1.79,1.8,1.8,1.79,1.81,1.8,1.78,1.78,1.78
106,1.9,1.89,1.88,1.85,1.84,1.83,1.83,1.83,1.85,1.86,1.86,1.84,1.83,1.8,1.77,1.73,1.7,1.68,1.68,1.67,1.66,1.64,1.64,1.64,1.65,1.65,1.66,1.68,1.69,1.7,1.71,1.71,1.71,1.7,1.72,1.71,1.7,1.69,1.69
107,1.82,1.82,1.81,1.78,1.77,1.76,1.75,1.76,1.77,1.78,1.79,1.77,1.75,1.73,1.69,1.66,1.63,1.61,1.61,1.6,1.59,1.58,1.57,1.57,1.58,1.58,1.59,1.61,1.62,1.63,1.63,1.63,1.63,1.63,1.64,1.63,1.62,1.62,1.61
108,1.76,1.75,1.74,1.72,1.71,1.69,1.69,1.7,1.71,1.72,1.72,1.71,1.69,1.66,1.63,1.6,1.57,1.55,1.55,1.54,1.53,1.52,1.51,1.51,1.52,1.52,1.53,1.54,1.55,1.56,1.57,1.57,1.57,1.56,1.57,1.56,1.55,1.55,1.55
109,1.71,1.7,1.69,1.67,1.66,1.64,1.64,1.65,1.66,1.67,1.67,1.65,1.64,1.61,1.58,1.55,1.52,1.5,1.51,1.5,1.49,1.47,1.47,1.46,1.47,1.47,1.48,1.5,1.5,1.51,1.51,1.52,1.52,1.51,1.52,1.51,1.5,1.5,1.5
110,1.68,1.67,1.66,1.64,1.63,1.61,1.61,1.61,1.63,1.64,1.64,1.62,1.61,1.58,1.55,1.52,1.5,1.48,1.48,1.47,1.46,1.44,1.44,1.44,1.44,1.44,1.45,1.46,1.47,1.48,1.48,1.48,1.48,1.48,1.49,1.48,1.47,1.47,1.46
